group;d_carbon;d_nitrogen;shelf;cluster_k2;cluster_k3;LME;LONG;MEOW_PROV;MEOW_ECO
Moleques;-17.3518626447445;14.1855748;sim;outros;costeiro;SBS15;BRAZ;WTSA;WTSA180
Moleques;-16.7331613417096;14.3122564;sim;outros;costeiro;SBS15;BRAZ;WTSA;WTSA180
Moleques;-16.7090801398017;13.2295246;sim;outros;costeiro;SBS15;BRAZ;WTSA;WTSA180
Moleques;-16.8802606573077;14.1400486;sim;outros;costeiro;SBS15;BRAZ;WTSA;WTSA180
Moleques;-17.0683345217317;14.1440074;sim;outros;costeiro;SBS15;BRAZ;WTSA;WTSA180
Moleques;-17.0797249754938;14.112337;sim;outros;costeiro;SBS15;BRAZ;WTSA;WTSA180
Moleques;-17.251413160711;14.3023594;sim;outros;costeiro;SBS15;BRAZ;WTSA;WTSA180
Moleques;-16.9851013943134;13.8896545;sim;outros;costeiro;SBS15;BRAZ;WTSA;WTSA180
Moleques;-16.992223321595;14.6734969;sim;outros;costeiro;SBS15;BRAZ;WTSA;WTSA180
Moleques;-16.9129653848662;13.8144373;sim;outros;costeiro;SBS15;BRAZ;WTSA;WTSA180
Moleques;-16.8536336093887;14.1885439;sim;outros;costeiro;SBS15;BRAZ;WTSA;WTSA180
Moleques;-16.8357406476729;14.0776975;sim;outros;costeiro;SBS15;BRAZ;WTSA;WTSA180
Moleques;-17.0756520445177;14.3043388;sim;outros;costeiro;SBS15;BRAZ;WTSA;WTSA180
Moleques;-16.9067350850944;14.0212846;sim;outros;costeiro;SBS15;BRAZ;WTSA;WTSA180
Moleques;-17.3755293397469;14.0668108;sim;outros;costeiro;SBS15;BRAZ;WTSA;WTSA180
Moleques;-17.0875974657187;14.1608323;sim;outros;costeiro;SBS15;BRAZ;WTSA;WTSA180
Moleques;-16.5473742049398;14.3805457;sim;outros;costeiro;SBS15;BRAZ;WTSA;WTSA180
Moleques;-17.2075145867312;14.1212443;sim;outros;costeiro;SBS15;BRAZ;WTSA;WTSA180
Cagarras;-16.8056477362596;13.0355434;sim;outros;costeiro;SBS15;BRAZ;WTSA;WTSA180
Cagarras;-18.2016063894959;12.8494798;sim;outros;costeiro;SBS15;BRAZ;WTSA;WTSA180
Cagarras;-17.687128498345;12.8672944;sim;outros;costeiro;SBS15;BRAZ;WTSA;WTSA180
Cagarras;-18.1570151578203;12.7980154;sim;outros;costeiro;SBS15;BRAZ;WTSA;WTSA180
Cagarras;-17.9061074064029;12.865315;sim;outros;costeiro;SBS15;BRAZ;WTSA;WTSA180
Cagarras;-17.9304600427101;13.4551762;sim;outros;costeiro;SBS15;BRAZ;WTSA;WTSA180
Cagarras;-17.5542345064483;13.2037924;sim;outros;costeiro;SBS15;BRAZ;WTSA;WTSA180
Cagarras;-17.841794817905;12.6653956;sim;outros;costeiro;SBS15;BRAZ;WTSA;WTSA180
Cagarras;-17.3341370532755;13.1938954;sim;outros;costeiro;SBS15;BRAZ;WTSA;WTSA180
Cagarras;-17.6488772813726;12.2457628;sim;outros;costeiro;SBS15;BRAZ;WTSA;WTSA180
Cagarras;-17.8612187330555;12.9019339;sim;outros;costeiro;SBS15;BRAZ;WTSA;WTSA180
Cagarras;-17.435154803848;12.8534386;sim;outros;costeiro;SBS15;BRAZ;WTSA;WTSA180
Cagarras;-18.061264068065;13.2245761;sim;outros;costeiro;SBS15;BRAZ;WTSA;WTSA180
Cagarras;-17.3571644562588;13.2898963;sim;outros;costeiro;SBS15;BRAZ;WTSA;WTSA180
Cagarras;-17.895926176211;13.5531565;sim;outros;costeiro;SBS15;BRAZ;WTSA;WTSA180
Cagarras;-16.7151299304575;12.4634968;sim;outros;costeiro;SBS15;BRAZ;WTSA;WTSA180
Cagarras;-17.7365257646694;13.7085394;sim;outros;costeiro;SBS15;BRAZ;WTSA;WTSA180
Cagarras;-17.9487068748437;13.4175676;sim;outros;costeiro;SBS15;BRAZ;WTSA;WTSA180
Cagarras;-17.0036081326346;13.2740611;sim;outros;costeiro;SBS15;BRAZ;WTSA;WTSA180
Cagarras;-18.209546270393;13.0009039;sim;outros;costeiro;SBS15;BRAZ;WTSA;WTSA180
Cagarras;-17.7990849502833;13.1483692;sim;outros;costeiro;SBS15;BRAZ;WTSA;WTSA180
Cagarras;-17.9186103594768;12.7742626;sim;outros;costeiro;SBS15;BRAZ;WTSA;WTSA180
Cagarras;-17.0855333063052;12.578302;sim;outros;costeiro;SBS15;BRAZ;WTSA;WTSA180
Cagarras;-18.0272676481115;12.7455613;sim;outros;costeiro;SBS15;BRAZ;WTSA;WTSA180
Cagarras;-17.4659364654865;13.0761211;sim;outros;costeiro;SBS15;BRAZ;WTSA;WTSA180
Cagarras;-17.7801485605856;13.3760002;sim;outros;costeiro;SBS15;BRAZ;WTSA;WTSA180
Cagarras;-17.664738154339;13.1998336;sim;outros;costeiro;SBS15;BRAZ;WTSA;WTSA180
Santana;-17.14704;14.16865;sim;outros;costeiro;SBS15;BRAZ;TSA;TSA76
Santana;-17.22965;14.19249;sim;outros;costeiro;SBS15;BRAZ;TSA;TSA76
Santana;-17.16172;14.15804;sim;outros;costeiro;SBS15;BRAZ;TSA;TSA76
Santana;-17.24240;14.31042;sim;outros;costeiro;SBS15;BRAZ;TSA;TSA76
Santana;-17.23329;14.36320;sim;outros;costeiro;SBS15;BRAZ;TSA;TSA76
Santana;-17.07861;14.56054;sim;outros;costeiro;SBS15;BRAZ;TSA;TSA76
Santana;-17.30364;14.34809;sim;outros;costeiro;SBS15;BRAZ;TSA;TSA76
Santana;-17.43034;14.22620;sim;outros;costeiro;SBS15;BRAZ;TSA;TSA76
Santana;-17.74301;14.01260;sim;outros;costeiro;SBS15;BRAZ;TSA;TSA76
Santana;-17.41101;14.24349;sim;outros;costeiro;SBS15;BRAZ;TSA;TSA76
Santana;-17.44515;14.31564;sim;outros;costeiro;SBS15;BRAZ;TSA;TSA76
Santana;-17.38456;14.58851;sim;outros;costeiro;SBS15;BRAZ;TSA;TSA76
Santana;-17.46792;14.18878;sim;outros;costeiro;SBS15;BRAZ;TSA;TSA76
Santana;-17.61365;14.18835;sim;outros;costeiro;SBS15;BRAZ;TSA;TSA76
Santana;-17.61856;13.87077;sim;outros;costeiro;SBS15;BRAZ;TSA;TSA76
Santana;-17.46954;14.32007;sim;outros;costeiro;SBS15;BRAZ;TSA;TSA76
Santana;-17.44217;14.23433;sim;outros;costeiro;SBS15;BRAZ;TSA;TSA76
Santana;-17.53002;14.12114;sim;outros;costeiro;SBS15;BRAZ;TSA;TSA76
Santana;-17.63666;13.40976;sim;outros;costeiro;SBS15;BRAZ;TSA;TSA76
Santana;-17.83509;13.98729;sim;outros;costeiro;SBS15;BRAZ;TSA;TSA76
Santana;-17.16623;14.17038;sim;outros;costeiro;SBS15;BRAZ;TSA;TSA76
Santana;-17.06390;14.09718;sim;outros;costeiro;SBS15;BRAZ;TSA;TSA76
Santana;-16.93950;14.36966;sim;outros;costeiro;SBS15;BRAZ;TSA;TSA76
Santana;-16.90864;14.23163;sim;outros;costeiro;SBS15;BRAZ;TSA;TSA76
Santana;-17.23135;14.18489;sim;outros;costeiro;SBS15;BRAZ;TSA;TSA76
Santana;-16.74777;14.43092;sim;outros;costeiro;SBS15;BRAZ;TSA;TSA76
Santana;-17.16405;14.01720;sim;outros;costeiro;SBS15;BRAZ;TSA;TSA76
Santana;-17.17352;13.62735;sim;outros;costeiro;SBS15;BRAZ;TSA;TSA76
Santana;-16.96401;14.22172;sim;outros;costeiro;SBS15;BRAZ;TSA;TSA76
Santana;-16.89573;14.03839;sim;outros;costeiro;SBS15;BRAZ;TSA;TSA76
Santana;-17.34722;13.43301;sim;outros;costeiro;SBS15;BRAZ;TSA;TSA76
Santana;-17.19165;14.35861;sim;outros;costeiro;SBS15;BRAZ;TSA;TSA76
Santana;-17.33190;14.27668;sim;outros;costeiro;SBS15;BRAZ;TSA;TSA76
Santana;-17.65391;14.02468;sim;outros;costeiro;SBS15;BRAZ;TSA;TSA76
Santana;-17.38637;14.31042;sim;outros;costeiro;SBS15;BRAZ;TSA;TSA76
Santana;-17.42684;13.97075;sim;outros;costeiro;SBS15;BRAZ;TSA;TSA76
Santana;-17.41488;14.01720;sim;outros;costeiro;SBS15;BRAZ;TSA;TSA76
Santana;-16.68006;14.70106;sim;outros;costeiro;SBS15;BRAZ;TSA;TSA76
Santana;-17.15724;14.28684;sim;outros;costeiro;SBS15;BRAZ;TSA;TSA76
Santana;-17.33795;14.04363;sim;outros;costeiro;SBS15;BRAZ;TSA;TSA76
Santana;-17.46579;14.37648;sim;outros;costeiro;SBS15;BRAZ;TSA;TSA76
Santana;-17.89198;14.08956;sim;outros;costeiro;SBS15;BRAZ;TSA;TSA76
Santana;-17.58094;14.34476;sim;outros;costeiro;SBS15;BRAZ;TSA;TSA76
Santana;-17.96218;13.86911;sim;outros;costeiro;SBS15;BRAZ;TSA;TSA76
Santana;-17.70321;13.81947;sim;outros;costeiro;SBS15;BRAZ;TSA;TSA76
Santana;-17.57614;14.65207;sim;outros;costeiro;SBS15;BRAZ;TSA;TSA76
Santana;-17.79321;13.94770;sim;outros;costeiro;SBS15;BRAZ;TSA;TSA76
Santana;-17.85057;13.95532;sim;outros;costeiro;SBS15;BRAZ;TSA;TSA76
Santana;-17.85994;14.17682;sim;outros;costeiro;SBS15;BRAZ;TSA;TSA76
Santana;-17.95535;14.08147;sim;outros;costeiro;SBS15;BRAZ;TSA;TSA76
Santana;-17.80142;14.50640;sim;outros;costeiro;SBS15;BRAZ;TSA;TSA76
Santana;-17.57533;14.80159;sim;outros;costeiro;SBS15;BRAZ;TSA;TSA76
Santana;-17.76901;14.31772;sim;outros;costeiro;SBS15;BRAZ;TSA;TSA76
Santana;-17.95426;14.34615;sim;outros;costeiro;SBS15;BRAZ;TSA;TSA76
Santana;-17.07352;13.90709;sim;outros;costeiro;SBS15;BRAZ;TSA;TSA76
Santana;-16.85544;14.64391;sim;outros;costeiro;SBS15;BRAZ;TSA;TSA76
Santana;-17.06456;14.39216;sim;outros;costeiro;SBS15;BRAZ;TSA;TSA76
Santana;-16.86588;14.42872;sim;outros;costeiro;SBS15;BRAZ;TSA;TSA76
Santana;-16.96754;14.41384;sim;outros;costeiro;SBS15;BRAZ;TSA;TSA76
Santana;-16.90254;14.20412;sim;outros;costeiro;SBS15;BRAZ;TSA;TSA76
Santana;-16.68310;14.32099;sim;outros;costeiro;SBS15;BRAZ;TSA;TSA76
Santana;-16.97887;14.70328;sim;outros;costeiro;SBS15;BRAZ;TSA;TSA76
Santana;-16.90551;14.82919;sim;outros;costeiro;SBS15;BRAZ;TSA;TSA76
Santana;-16.94784;14.67211;sim;outros;costeiro;SBS15;BRAZ;TSA;TSA76
Santana;-16.70990;14.91956;sim;outros;costeiro;SBS15;BRAZ;TSA;TSA76
Santana;-17.05306;14.49065;sim;outros;costeiro;SBS15;BRAZ;TSA;TSA76
Santana;-17.10896;14.65337;sim;outros;costeiro;SBS15;BRAZ;TSA;TSA76
Santana;-16.98434;14.52642;sim;outros;costeiro;SBS15;BRAZ;TSA;TSA76
Santana;-16.83438;14.72758;sim;outros;costeiro;SBS15;BRAZ;TSA;TSA76
Santana;-16.86645;14.83904;sim;outros;costeiro;SBS15;BRAZ;TSA;TSA76
Santana;-17.24122;14.45006;sim;outros;costeiro;SBS15;BRAZ;TSA;TSA76
Santana;-16.90685;14.22730;sim;outros;costeiro;SBS15;BRAZ;TSA;TSA76
Santana;-16.81030;14.29356;sim;outros;costeiro;SBS15;BRAZ;TSA;TSA76
Santana;-16.96424;14.30568;sim;outros;costeiro;SBS15;BRAZ;TSA;TSA76
Santana;-16.68409;14.31981;sim;outros;costeiro;SBS15;BRAZ;TSA;TSA76
Santana;-16.70459;14.55295;sim;outros;costeiro;SBS15;BRAZ;TSA;TSA76
Santana;-16.73807;14.38805;sim;outros;costeiro;SBS15;BRAZ;TSA;TSA76
Santana;-16.77160;14.25556;sim;outros;costeiro;SBS15;BRAZ;TSA;TSA76
Santana;-16.80094;14.33603;sim;outros;costeiro;SBS15;BRAZ;TSA;TSA76
Santana;-16.91102;13.92027;sim;outros;costeiro;SBS15;BRAZ;TSA;TSA76
Santana;-16.98095;13.73084;sim;outros;costeiro;SBS15;BRAZ;TSA;TSA76
Santana;-16.98003;13.83828;sim;outros;costeiro;SBS15;BRAZ;TSA;TSA76
Santana;-17.12515;14.29022;sim;outros;costeiro;SBS15;BRAZ;TSA;TSA76
Santana;-16.95422;14.31307;sim;outros;costeiro;SBS15;BRAZ;TSA;TSA76
Santana;-17.13905;14.29737;sim;outros;costeiro;SBS15;BRAZ;TSA;TSA76
Santana;-17.01488;14.57867;sim;outros;costeiro;SBS15;BRAZ;TSA;TSA76
Santana;-17.01022;14.51459;sim;outros;costeiro;SBS15;BRAZ;TSA;TSA76
Santana;-17.21665;14.19716;sim;outros;costeiro;SBS15;BRAZ;TSA;TSA76
Santana;-16.96952;14.69397;sim;outros;costeiro;SBS15;BRAZ;TSA;TSA76
Santana;-17.04211;14.60750;sim;outros;costeiro;SBS15;BRAZ;TSA;TSA76
Santana;-16.92918;14.70502;sim;outros;costeiro;SBS15;BRAZ;TSA;TSA76
Santana;-17.36321;14.66507;sim;outros;costeiro;SBS15;BRAZ;TSA;TSA76
Santana;-17.41294;14.49634;sim;outros;costeiro;SBS15;BRAZ;TSA;TSA76
Santana;-17.59288;14.52055;sim;outros;costeiro;SBS15;BRAZ;TSA;TSA76
Santana;-17.80688;14.29233;sim;outros;costeiro;SBS15;BRAZ;TSA;TSA76
Santana;-17.56581;14.49606;sim;outros;costeiro;SBS15;BRAZ;TSA;TSA76
Santana;-17.61964;14.54625;sim;outros;costeiro;SBS15;BRAZ;TSA;TSA76
Santana;-17.38167;14.51332;sim;outros;costeiro;SBS15;BRAZ;TSA;TSA76
Santana;-17.39632;14.95430;sim;outros;costeiro;SBS15;BRAZ;TSA;TSA76
Santana;-17.41095;14.96680;sim;outros;costeiro;SBS15;BRAZ;TSA;TSA76
Santana;-17.42126;14.82830;sim;outros;costeiro;SBS15;BRAZ;TSA;TSA76
Santana;-17.50149;14.83310;sim;outros;costeiro;SBS15;BRAZ;TSA;TSA76
Abrolhos;-16.37;8.75;sim;outros;costeiro;EBS16;BRAZ;TSA;TSA76
Abrolhos;-16.71;11.15;sim;outros;costeiro;EBS16;BRAZ;TSA;TSA76
Abrolhos;-17.17;11.56;sim;outros;costeiro;EBS16;BRAZ;TSA;TSA76
Abrolhos;-16.95;11.58;sim;outros;costeiro;EBS16;BRAZ;TSA;TSA76
Abrolhos;-16.37;12.21;sim;outros;costeiro;EBS16;BRAZ;TSA;TSA76
Abrolhos;-16.98;11.76;sim;outros;costeiro;EBS16;BRAZ;TSA;TSA76
Abrolhos;-17.07;10.98;sim;outros;costeiro;EBS16;BRAZ;TSA;TSA76
Abrolhos;-18.21;11.57;sim;outros;costeiro;EBS16;BRAZ;TSA;TSA76
Abrolhos;-17.29;11.82;sim;outros;costeiro;EBS16;BRAZ;TSA;TSA76
Abrolhos;-16.84;11.85;sim;outros;costeiro;EBS16;BRAZ;TSA;TSA76
Abrolhos;-17.09;11.42;sim;outros;costeiro;EBS16;BRAZ;TSA;TSA76
Abrolhos;-17.44;11.36;sim;outros;costeiro;EBS16;BRAZ;TSA;TSA76
Abrolhos;-17.33;8.65;sim;outros;costeiro;EBS16;BRAZ;TSA;TSA76
Abrolhos;-17.63;11.24;sim;outros;costeiro;EBS16;BRAZ;TSA;TSA76
Abrolhos;-17.48;11.57;sim;outros;costeiro;EBS16;BRAZ;TSA;TSA76
Abrolhos;-16.83;10.22;sim;outros;costeiro;EBS16;BRAZ;TSA;TSA76
Abrolhos;-16.11;10.34;sim;outros;costeiro;EBS16;BRAZ;TSA;TSA76
Abrolhos;-16.17;11.41;sim;outros;costeiro;EBS16;BRAZ;TSA;TSA76
Abrolhos;-15.93;11.66;sim;outros;costeiro;EBS16;BRAZ;TSA;TSA76
Abrolhos;-16.88;10.17;sim;outros;costeiro;EBS16;BRAZ;TSA;TSA76
Abrolhos;-16.03;11.5;sim;outros;costeiro;EBS16;BRAZ;TSA;TSA76
Abrolhos;-16.85;11.2;sim;outros;costeiro;EBS16;BRAZ;TSA;TSA76
Abrolhos;-16.43;9.62;sim;outros;costeiro;EBS16;BRAZ;TSA;TSA76
Abrolhos;-16.17;12.14;sim;outros;costeiro;EBS16;BRAZ;TSA;TSA76
Abrolhos;-16.95;11.5;sim;outros;costeiro;EBS16;BRAZ;TSA;TSA76
Abrolhos;-16.72;11.28;sim;outros;costeiro;EBS16;BRAZ;TSA;TSA76
Abrolhos;-16.48;11.42;sim;outros;costeiro;EBS16;BRAZ;TSA;TSA76
Abrolhos;-16.69;10.07;sim;outros;costeiro;EBS16;BRAZ;TSA;TSA76
Abrolhos;-16.76;9.86;sim;outros;costeiro;EBS16;BRAZ;TSA;TSA76
Abrolhos;-16.24;11.34;sim;outros;costeiro;EBS16;BRAZ;TSA;TSA76
Abrolhos;-16.72;9.72;sim;outros;costeiro;EBS16;BRAZ;TSA;TSA76
Abrolhos;-16.732667;9.36733;sim;outros;costeiro;EBS16;BRAZ;TSA;TSA76
Abrolhos;-16.973667;9.59233;sim;outros;costeiro;EBS16;BRAZ;TSA;TSA76
Abrolhos;-17.101667;10.71433;sim;outros;costeiro;EBS16;BRAZ;TSA;TSA76
Abrolhos;-16.6745;8.63075;sim;outros;costeiro;EBS16;BRAZ;TSA;TSA76
Abrolhos;-17.003667;10.46333;sim;outros;costeiro;EBS16;BRAZ;TSA;TSA76
Abrolhos;-17.251667;11.36433;sim;outros;costeiro;EBS16;BRAZ;TSA;TSA76
Abrolhos;-17.026667;10.48833;sim;outros;costeiro;EBS16;BRAZ;TSA;TSA76
Abrolhos;-17.104667;9.41033;sim;outros;costeiro;EBS16;BRAZ;TSA;TSA76
Abrolhos;-16.9175;10.62075;sim;outros;costeiro;EBS16;BRAZ;TSA;TSA76
Abrolhos;-16.994667;11.10633;sim;outros;costeiro;EBS16;BRAZ;TSA;TSA76
Abrolhos;-17.0685;10.53475;sim;outros;costeiro;EBS16;BRAZ;TSA;TSA76
Abrolhos;-18.5638;11.2368;sim;outros;costeiro;EBS16;BRAZ;TSA;TSA76
Noronha;-16.24;9.6;não;outros;FN_RO;EBS16;SATL;TSA;TSA74
Noronha;-16.76;9.77;não;outros;FN_RO;EBS16;SATL;TSA;TSA74
Noronha;-16.79;10.11;não;outros;FN_RO;EBS16;SATL;TSA;TSA74
Noronha;-16.91;10.05;não;outros;FN_RO;EBS16;SATL;TSA;TSA74
Noronha;-16.63;9.73;não;outros;FN_RO;EBS16;SATL;TSA;TSA74
Noronha;-17.00;9.71;não;outros;FN_RO;EBS16;SATL;TSA;TSA74
Noronha;-16.7;10.11;não;outros;FN_RO;EBS16;SATL;TSA;TSA74
Noronha;-16.65;9.87;não;outros;FN_RO;EBS16;SATL;TSA;TSA74
Noronha;-16.5;9.93;não;outros;FN_RO;EBS16;SATL;TSA;TSA74
Noronha;-16.32;9.76;não;outros;FN_RO;EBS16;SATL;TSA;TSA74
Noronha;-16.37;9.79;não;outros;FN_RO;EBS16;SATL;TSA;TSA74
Noronha;-16.5;9.59;não;outros;FN_RO;EBS16;SATL;TSA;TSA74
Noronha;-16.64;9.98;não;outros;FN_RO;EBS16;SATL;TSA;TSA74
Noronha;-16.56;9.88;não;outros;FN_RO;EBS16;SATL;TSA;TSA74
Noronha;-15.79;10.41;não;outros;FN_RO;EBS16;SATL;TSA;TSA74
Noronha;-16.29;9.94;não;outros;FN_RO;EBS16;SATL;TSA;TSA74
Noronha;-16.54;9.89;não;outros;FN_RO;EBS16;SATL;TSA;TSA74
Noronha;-16.52;9.82;não;outros;FN_RO;EBS16;SATL;TSA;TSA74
Noronha;-16.2;10.03;não;outros;FN_RO;EBS16;SATL;TSA;TSA74
Noronha;-16.6;9.81;não;outros;FN_RO;EBS16;SATL;TSA;TSA74
Noronha;-16.46;9.91;não;outros;FN_RO;EBS16;SATL;TSA;TSA74
Noronha;-16.35;9.81;não;outros;FN_RO;EBS16;SATL;TSA;TSA74
Noronha;-16.29;9.87;não;outros;FN_RO;EBS16;SATL;TSA;TSA74
Noronha;-16.44;9.75;não;outros;FN_RO;EBS16;SATL;TSA;TSA74
Noronha;-16.52;9.95;não;outros;FN_RO;EBS16;SATL;TSA;TSA74
Noronha;-16.36;10.1;não;outros;FN_RO;EBS16;SATL;TSA;TSA74
Noronha;-16.35;10.33;não;outros;FN_RO;EBS16;SATL;TSA;TSA74
Rocas;-16.61;9.61;não;outros;FN_RO;EBS16;SATL;TSA;TSA74
Rocas;-16.7;9.74;não;outros;FN_RO;EBS16;SATL;TSA;TSA74
Rocas;-17.14;9.72;não;outros;FN_RO;EBS16;SATL;TSA;TSA74
Rocas;-16.89;9.82;não;outros;FN_RO;EBS16;SATL;TSA;TSA74
Rocas;-17.41;9.65;não;outros;FN_RO;EBS16;SATL;TSA;TSA74
Rocas;-16.44;9.93;não;outros;FN_RO;EBS16;SATL;TSA;TSA74
Rocas;-16.89;9.59;não;outros;FN_RO;EBS16;SATL;TSA;TSA74
Rocas;-17.41;10.13;não;outros;FN_RO;EBS16;SATL;TSA;TSA74
Rocas;-16.96;9.94;não;outros;FN_RO;EBS16;SATL;TSA;TSA74
Rocas;-16.78;9.67;não;outros;FN_RO;EBS16;SATL;TSA;TSA74
Rocas;-16.56;10.2;não;outros;FN_RO;EBS16;SATL;TSA;TSA74
Rocas;-17.00;9.9;não;outros;FN_RO;EBS16;SATL;TSA;TSA74
Rocas;-16.43;10.13;não;outros;FN_RO;EBS16;SATL;TSA;TSA74
Rocas;-16.72;9.85;não;outros;FN_RO;EBS16;SATL;TSA;TSA74
Rocas;-16.69;10.21;não;outros;FN_RO;EBS16;SATL;TSA;TSA74
Rocas;-16.83;10.07;não;outros;FN_RO;EBS16;SATL;TSA;TSA74
Rocas;-16.72;10.63;não;outros;FN_RO;EBS16;SATL;TSA;TSA74
Rocas;-17.02;9.89;não;outros;FN_RO;EBS16;SATL;TSA;TSA74
Rocas;-16.87;9.84;não;outros;FN_RO;EBS16;SATL;TSA;TSA74
Rocas;-16.92;9.86;não;outros;FN_RO;EBS16;SATL;TSA;TSA74
Rocas;-16.61;10.13;não;outros;FN_RO;EBS16;SATL;TSA;TSA74
Rocas;-16.64;10.05;não;outros;FN_RO;EBS16;SATL;TSA;TSA74
Rocas;-16.75;10.6;não;outros;FN_RO;EBS16;SATL;TSA;TSA74
Rocas;-17.35;9.76;não;outros;FN_RO;EBS16;SATL;TSA;TSA74
Rocas;-16.8;10.03;não;outros;FN_RO;EBS16;SATL;TSA;TSA74
Rocas;-16.38;10.02;não;outros;FN_RO;EBS16;SATL;TSA;TSA74
Rocas;-16.17;10.67;não;outros;FN_RO;EBS16;SATL;TSA;TSA74
Rocas;-17.03;9.82;não;outros;FN_RO;EBS16;SATL;TSA;TSA74
SPSP;-17.24689;12.00311;não;SPSP;SPSP;EBS16;WTRA;TSA;TSA73
SPSP;-17.33911;12.67089;não;SPSP;SPSP;EBS16;WTRA;TSA;TSA73
SPSP;-17.18106;13.10894;não;SPSP;SPSP;EBS16;WTRA;TSA;TSA73
SPSP;-17.17483;13.10517;não;SPSP;SPSP;EBS16;WTRA;TSA;TSA73
SPSP;-17.22931;13.06069;não;SPSP;SPSP;EBS16;WTRA;TSA;TSA73
SPSP;-17.31071;12.64929;não;SPSP;SPSP;EBS16;WTRA;TSA;TSA73
SPSP;-17.10823;12.43177;não;SPSP;SPSP;EBS16;WTRA;TSA;TSA73
SPSP;-17.07472;12.18528;não;SPSP;SPSP;EBS16;WTRA;TSA;TSA73
SPSP;-17.11386;12.38614;não;SPSP;SPSP;EBS16;WTRA;TSA;TSA73
SPSP;-17.48259;13.18741;não;SPSP;SPSP;EBS16;WTRA;TSA;TSA73
SPSP;-17.16738;12.21262;não;SPSP;SPSP;EBS16;WTRA;TSA;TSA73
SPSP;-17.10983;12.26017;não;SPSP;SPSP;EBS16;WTRA;TSA;TSA73
SPSP;-17.13743;12.35257;não;SPSP;SPSP;EBS16;WTRA;TSA;TSA73
SPSP;-17.34917;13.33083;não;SPSP;SPSP;EBS16;WTRA;TSA;TSA73
SPSP;-17.06575;12.30425;não;SPSP;SPSP;EBS16;WTRA;TSA;TSA73
SPSP;-17.3294;12.8806;não;SPSP;SPSP;EBS16;WTRA;TSA;TSA73
SPSP;-17.42501;12.92499;não;SPSP;SPSP;EBS16;WTRA;TSA;TSA73
SPSP;-17.37848;12.84152;não;SPSP;SPSP;EBS16;WTRA;TSA;TSA73
SPSP;-17.35248;12.48752;não;SPSP;SPSP;EBS16;WTRA;TSA;TSA73
SPSP;-17.30775;12.73225;não;SPSP;SPSP;EBS16;WTRA;TSA;TSA73
SPSP;-17.20341;13.18659;não;SPSP;SPSP;EBS16;WTRA;TSA;TSA73
SPSP;-17.20471;12.68529;não;SPSP;SPSP;EBS16;WTRA;TSA;TSA73
SPSP;-17.23436;12.30564;não;SPSP;SPSP;EBS16;WTRA;TSA;TSA73
SPSP;-17.10419;12.15581;não;SPSP;SPSP;EBS16;WTRA;TSA;TSA73
SPSP;-17.09222;12.68778;não;SPSP;SPSP;EBS16;WTRA;TSA;TSA73
SPSP;-17.25012;12.73988;não;SPSP;SPSP;EBS16;WTRA;TSA;TSA73
SPSP;-17.29347;12.92653;não;SPSP;SPSP;EBS16;WTRA;TSA;TSA73
SPSP;-17.37625;12.00375;não;SPSP;SPSP;EBS16;WTRA;TSA;TSA73
SPSP;-17.33264;12.24736;não;SPSP;SPSP;EBS16;WTRA;TSA;TSA73
SPSP;-17.26987;11.70013;não;SPSP;SPSP;EBS16;WTRA;TSA;TSA73
SPSP;-17.16869;12.56131;não;SPSP;SPSP;EBS16;WTRA;TSA;TSA73
SPSP;-16.98978;11.44022;não;SPSP;SPSP;EBS16;WTRA;TSA;TSA73
SPSP;-17.24585;11.59415;não;SPSP;SPSP;EBS16;WTRA;TSA;TSA73
SPSP;-16.9991;11.7309;não;SPSP;SPSP;EBS16;WTRA;TSA;TSA73
SPSP;-17.44377;12.19623;não;SPSP;SPSP;EBS16;WTRA;TSA;TSA73
SPSP;-17.1488;11.3612;não;SPSP;SPSP;EBS16;WTRA;TSA;TSA73
SPSP;-16.99403;11.32597;não;SPSP;SPSP;EBS16;WTRA;TSA;TSA73
SPSP;-17.03547;11.76453;não;SPSP;SPSP;EBS16;WTRA;TSA;TSA73
SPSP;-17.06404;11.50596;não;SPSP;SPSP;EBS16;WTRA;TSA;TSA73
SPSP;-17.34978;12.62022;não;SPSP;SPSP;EBS16;WTRA;TSA;TSA73
SPSP;-16.91576;11.78424;não;SPSP;SPSP;EBS16;WTRA;TSA;TSA73
SPSP;-16.97103;12.65897;não;SPSP;SPSP;EBS16;WTRA;TSA;TSA73
SPSP;-17.16672;11.89328;não;SPSP;SPSP;EBS16;WTRA;TSA;TSA73
SPSP;-17.51573;12.33427;não;SPSP;SPSP;EBS16;WTRA;TSA;TSA73
SPSP;-17.12509;11.58491;não;SPSP;SPSP;EBS16;WTRA;TSA;TSA73
SPSP;-17.18007;12.09993;não;SPSP;SPSP;EBS16;WTRA;TSA;TSA73
SPSP;-17.20983;12.45017;não;SPSP;SPSP;EBS16;WTRA;TSA;TSA73
SPSP;-17.05644;12.07356;não;SPSP;SPSP;EBS16;WTRA;TSA;TSA73
SPSP;-16.99023;11.73977;não;SPSP;SPSP;EBS16;WTRA;TSA;TSA73
SPSP;-16.96746;12.36254;não;SPSP;SPSP;EBS16;WTRA;TSA;TSA73
SPSP;-16.86363;12.56637;não;SPSP;SPSP;EBS16;WTRA;TSA;TSA73
SPSP;-17.16637;11.24363;não;SPSP;SPSP;EBS16;WTRA;TSA;TSA73
SPSP;-17.43605;12.52395;não;SPSP;SPSP;EBS16;WTRA;TSA;TSA73
SPSP;-17.39572;12.09428;não;SPSP;SPSP;EBS16;WTRA;TSA;TSA73
SPSP;-17.42913;12.48087;não;SPSP;SPSP;EBS16;WTRA;TSA;TSA73
SPSP;-17.06247;12.44753;não;SPSP;SPSP;EBS16;WTRA;TSA;TSA73
SPSP;-17.17548;12.59452;não;SPSP;SPSP;EBS16;WTRA;TSA;TSA73
SPSP;-17.14685;11.84315;não;SPSP;SPSP;EBS16;WTRA;TSA;TSA73
SPSP;-17.16919;12.33081;não;SPSP;SPSP;EBS16;WTRA;TSA;TSA73
SPSP;-17.32375;11.46625;não;SPSP;SPSP;EBS16;WTRA;TSA;TSA73
SPSP;-17.21889;12.46111;não;SPSP;SPSP;EBS16;WTRA;TSA;TSA73
SPSP;-17.05211;11.78789;não;SPSP;SPSP;EBS16;WTRA;TSA;TSA73
SPSP;-17.13109;12.52891;não;SPSP;SPSP;EBS16;WTRA;TSA;TSA73
SPSP;-17.08062;12.33938;não;SPSP;SPSP;EBS16;WTRA;TSA;TSA73
SPSP;-17.18934;12.54066;não;SPSP;SPSP;EBS16;WTRA;TSA;TSA73
SPSP;-17.21294;12.06706;não;SPSP;SPSP;EBS16;WTRA;TSA;TSA73
SPSP;-17.13524;12.06476;não;SPSP;SPSP;EBS16;WTRA;TSA;TSA73
SPSP;-17.12468;12.44532;não;SPSP;SPSP;EBS16;WTRA;TSA;TSA73
SPSP;-17.0019;12.3581;não;SPSP;SPSP;EBS16;WTRA;TSA;TSA73
SPSP;-17.0559;11.9141;não;SPSP;SPSP;EBS16;WTRA;TSA;TSA73
SPSP;-17.08558;11.96442;não;SPSP;SPSP;EBS16;WTRA;TSA;TSA73
SPSP;-17.10498;13.05502;não;SPSP;SPSP;EBS16;WTRA;TSA;TSA73
SPSP;-17.09081;12.12919;não;SPSP;SPSP;EBS16;WTRA;TSA;TSA73
SPSP;-16.99346;12.02654;não;SPSP;SPSP;EBS16;WTRA;TSA;TSA73
SPSP;-17.01226;13.04774;não;SPSP;SPSP;EBS16;WTRA;TSA;TSA73
SPSP;-17.02181;11.55819;não;SPSP;SPSP;EBS16;WTRA;TSA;TSA73
SPSP;-17.15795;12.31205;não;SPSP;SPSP;EBS16;WTRA;TSA;TSA73
SPSP;-16.93991;12.10009;não;SPSP;SPSP;EBS16;WTRA;TSA;TSA73
SPSP;-17.05353;12.14647;não;SPSP;SPSP;EBS16;WTRA;TSA;TSA73
SPSP;-17.22532;12.34468;não;SPSP;SPSP;EBS16;WTRA;TSA;TSA73
SPSP;-17.00234;12.70766;não;SPSP;SPSP;EBS16;WTRA;TSA;TSA73
SPSP;-17.03332;12.63668;não;SPSP;SPSP;EBS16;WTRA;TSA;TSA73
SPSP;-16.98009;12.68991;não;SPSP;SPSP;EBS16;WTRA;TSA;TSA73
SPSP;-16.82428;11.67572;não;SPSP;SPSP;EBS16;WTRA;TSA;TSA73
SPSP;-16.92179;11.73821;não;SPSP;SPSP;EBS16;WTRA;TSA;TSA73
SPSP;-17.31477;12.49523;não;SPSP;SPSP;EBS16;WTRA;TSA;TSA73
SPSP;-16.83533;11.84467;não;SPSP;SPSP;EBS16;WTRA;TSA;TSA73
SPSP;-17.26543;12.73457;não;SPSP;SPSP;EBS16;WTRA;TSA;TSA73
SPSP;-17.05658;12.81342;não;SPSP;SPSP;EBS16;WTRA;TSA;TSA73
SPSP;-16.88155;11.76845;não;SPSP;SPSP;EBS16;WTRA;TSA;TSA73
SPSP;-17.31604;13.27396;não;SPSP;SPSP;EBS16;WTRA;TSA;TSA73
SPSP;-17.16568;12.33432;não;SPSP;SPSP;EBS16;WTRA;TSA;TSA73
SPSP;-17.45177;12.28823;não;SPSP;SPSP;EBS16;WTRA;TSA;TSA73
SPSP;-17.41058;11.80942;não;SPSP;SPSP;EBS16;WTRA;TSA;TSA73
SPSP;-17.22532;12.54468;não;SPSP;SPSP;EBS16;WTRA;TSA;TSA73
SPSP;-16.90172;12.34828;não;SPSP;SPSP;EBS16;WTRA;TSA;TSA73
SPSP;-16.93978;11.88022;não;SPSP;SPSP;EBS16;WTRA;TSA;TSA73
SPSP;-17.14635;11.68365;não;SPSP;SPSP;EBS16;WTRA;TSA;TSA73
SPSP;-16.83;10.65;não;SPSP;SPSP;EBS16;WTRA;TSA;TSA73
SPSP;-16.9;10.04;não;SPSP;SPSP;EBS16;WTRA;TSA;TSA73
SPSP;-17.03;10.25;não;SPSP;SPSP;EBS16;WTRA;TSA;TSA73
SPSP;-17.26;10.95;não;SPSP;SPSP;EBS16;WTRA;TSA;TSA73
SPSP;-17.49;10.92;não;SPSP;SPSP;EBS16;WTRA;TSA;TSA73
SPSP;-17.12;11.02;não;SPSP;SPSP;EBS16;WTRA;TSA;TSA73
SPSP;-16.62;10.53;não;SPSP;SPSP;EBS16;WTRA;TSA;TSA73
SPSP;-17.17;10.92;não;SPSP;SPSP;EBS16;WTRA;TSA;TSA73
SPSP;-16.74;10.49;não;SPSP;SPSP;EBS16;WTRA;TSA;TSA73
SPSP;-16.81;10.54;não;SPSP;SPSP;EBS16;WTRA;TSA;TSA73
SPSP;-17.07;10.28;não;SPSP;SPSP;EBS16;WTRA;TSA;TSA73
SPSP;-17.02;10.27;não;SPSP;SPSP;EBS16;WTRA;TSA;TSA73
SPSP;-16.82;10.28;não;SPSP;SPSP;EBS16;WTRA;TSA;TSA73
SPSP;-16.92;10.34;não;SPSP;SPSP;EBS16;WTRA;TSA;TSA73
SPSP;-16.82;10.05;não;SPSP;SPSP;EBS16;WTRA;TSA;TSA73
SPSP;-17.39;10.08;não;SPSP;SPSP;EBS16;WTRA;TSA;TSA73
SPSP;-17.11;11.02;não;SPSP;SPSP;EBS16;WTRA;TSA;TSA73
SPSP;-16.89;10.68;não;SPSP;SPSP;EBS16;WTRA;TSA;TSA73
SPSP;-16.72;10.11;não;SPSP;SPSP;EBS16;WTRA;TSA;TSA73
SPSP;-16.94;10.28;não;SPSP;SPSP;EBS16;WTRA;TSA;TSA73
SPSP;-16.85;10.01;não;SPSP;SPSP;EBS16;WTRA;TSA;TSA73
SPSP;-16.9;10.62;não;SPSP;SPSP;EBS16;WTRA;TSA;TSA73
SPSP;-17.08;10.63;não;SPSP;SPSP;EBS16;WTRA;TSA;TSA73
SPSP;-16.82;10.52;não;SPSP;SPSP;EBS16;WTRA;TSA;TSA73
SPSP;-17.03;10.49;não;SPSP;SPSP;EBS16;WTRA;TSA;TSA73
SPSP;-16.93;10.6;não;SPSP;SPSP;EBS16;WTRA;TSA;TSA73
SPSP;-16.69;10.47;não;SPSP;SPSP;EBS16;WTRA;TSA;TSA73
SPSP;-16.67;10.48;não;SPSP;SPSP;EBS16;WTRA;TSA;TSA73
SPSP;-16.75;10.61;não;SPSP;SPSP;EBS16;WTRA;TSA;TSA73
